semana_epi,casos_total,edad_menor_5,edad_5_14,edad_15_64,edad_65_mas
2009-12-27,13047,4715,2327,5089,916
2010-01-03,99254,32867,22076,38584,5727
2010-01-10,67446,23642,13237,25875,4692
2010-01-17,42264,14916,6910,17432,3006
2010-01-24,40009,13776,7341,16078,2814
2010-01-31,66338,23732,12398,26143,4065
2010-02-07,106189,34758,23777,40896,6758
2010-02-14,43234,14072,6726,19497,2939
2010-02-21,38897,12473,5958,17659,2807
2010-02-28,64627,23140,12242,25371,3874
2010-03-07,108833,36701,24020,41182,6930
2010-03-14,60231,20967,12531,23239,3494
2010-03-21,76190,25495,16894,29554,4247
2010-03-28,64788,22029,12929,25831,3999
2010-04-04,122317,40310,28092,46472,7443
2010-04-11,83858,29404,17227,32372,4855
2010-04-18,88192,31334,18347,33886,4625
2010-04-25,87766,31049,18568,33151,4998
2010-05-02,81321,28853,17002,30674,4792
2010-05-09,115586,38194,26634,43722,7036
2010-05-16,100569,37794,21364,36361,5050
2010-05-23,100651,35836,21766,37891,5158
2010-05-30,75406,26860,15562,28795,4189
2010-06-06,116493,37876,27378,44381,6858
2010-06-13,101584,38304,21216,37113,4951
2010-06-20,105552,41726,22174,36576,5076
2010-06-27,93171,37179,19345,31734,4913
2010-07-04,119470,39167,27167,46151,6985
2010-07-11,100302,41392,18283,34990,5637
2010-07-18,95823,37417,13947,38337,6122
2010-07-25,88837,31020,14019,37405,6393
2010-08-01,75384,27963,14574,28370,4477
2010-08-08,131005,42044,31638,49378,7945
2010-08-15,181876,52790,54930,65079,9077
2010-08-22,200826,55002,60767,74962,10095
2010-08-29,123099,35595,34059,46808,6637
2010-09-05,122189,41225,28122,45837,7005
2010-09-12,156298,44963,34267,65751,11317
2010-09-19,181722,49514,35956,81762,14490
2010-09-26,113479,32025,24212,48492,8750
2010-10-03,108957,37643,24035,40949,6330
2010-10-10,100833,35184,19856,38804,6989
2010-10-17,104734,35154,22465,40285,6830
2010-10-24,95328,33249,21286,35065,5728
2010-10-31,72027,26352,13756,27727,4192
2010-11-07,118368,40826,26085,44243,7214
2010-11-14,89181,32501,19697,32057,4926
2010-11-21,86726,31907,19420,30626,4773
2010-11-28,70516,25140,15023,26289,4064
2010-12-05,125699,42389,28740,47501,7069
2010-12-12,72175,27505,14020,26039,4611
2010-12-19,63924,23789,11235,24745,4155
2010-12-26,63275,23062,11024,24923,4266
2011-01-02,85615,30557,16902,33092,5064
2011-01-09,76831,26844,15042,29919,5026
2011-01-16,55507,19168,10080,22575,3684
2011-01-23,53474,18227,10134,21623,3490
2011-01-30,69597,24356,13223,27628,4390
2011-02-06,98441,34227,20098,37936,6180
2011-02-13,49823,15739,8724,22018,3342
2011-02-20,49641,15136,8040,23014,3451
2011-02-27,69600,23549,13206,28624,4221
2011-03-06,100830,35197,20429,38686,6518
2011-03-13,90692,30839,21096,34497,4260
2011-03-20,104251,35631,22384,41068,5168
2011-03-27,91460,31019,18150,37329,4962
2011-04-03,96501,33676,19374,37878,5573
2011-04-10,83976,30840,16896,31310,4930
2011-04-17,87115,34523,17487,30714,4391
2011-04-24,95327,38231,19635,32582,4879
2011-05-01,85286,30556,16842,32958,4930
2011-05-08,98650,35949,20456,36313,5932
2011-05-15,119032,49056,26320,38449,5207
2011-05-22,129099,53631,28285,41410,5773
2011-05-29,98249,37613,20872,34730,5034
2011-06-05,101353,34850,20957,39414,6132
2011-06-12,108835,41176,23221,38573,5865
2011-06-19,110924,41988,23402,39253,6281
2011-06-26,98118,35006,19824,37172,6116
2011-07-03,92978,31828,18484,36965,5701
2011-07-10,87624,30240,15769,35767,5848
2011-07-17,97458,30684,13907,45795,7072
2011-07-24,88544,24748,13625,43398,6773
2011-07-31,81769,29268,15590,32047,4864
2011-08-07,97026,32131,19553,39122,6220
2011-08-14,112322,34613,22805,47903,7001
2011-08-21,106593,32009,21902,45778,6904
2011-08-28,87859,26555,18644,37150,5510
2011-09-04,106102,38544,21120,40032,6406
2011-09-11,88260,31794,17159,33747,5560
2011-09-18,105590,36895,20465,41237,6993
2011-09-25,96612,33562,19916,36852,6282
2011-10-02,92059,32562,17973,36109,5415
2011-10-09,96928,35772,19266,35529,6361
2011-10-16,99119,35294,21219,36424,6182
2011-10-23,96247,34527,20758,35139,5823
2011-10-30,77451,28583,15295,28823,4750
2011-11-06,102468,36138,20764,39266,6300
2011-11-13,88434,31392,19399,32391,5252
2011-11-20,88689,31358,19359,32902,5070
2011-11-27,79702,29565,16658,29054,4425
2011-12-04,104903,37895,21843,39282,5883
2011-12-11,74936,26723,14550,28659,5004
2011-12-18,66962,23631,12353,26734,4244
2011-12-25,68658,24030,11246,28744,4638
2012-01-01,63522,20776,10949,27400,4397
2012-01-08,58122,19103,10016,24841,4162
2012-01-15,53435,17382,9196,23096,3761
2012-01-22,52461,16288,8801,23630,3742
2012-01-29,49712,15128,8380,22526,3678
2012-02-05,50904,15150,8363,23700,3691
2012-02-12,48954,14141,7957,23132,3724
2012-02-19,50694,14475,7969,24470,3780
2012-02-26,49523,13843,7575,24327,3778
2012-03-04,52530,15036,9343,24350,3801
2012-03-11,78788,26303,17774,30653,4058
2012-03-18,99535,35091,21977,37641,4826
2012-03-25,100990,35099,20389,40096,5406
2012-04-01,95362,34293,17854,37912,5303
2012-04-08,96889,34092,18430,38744,5623
2012-04-15,100663,36131,20144,38820,5568
2012-04-22,95553,34334,19959,36026,5234
2012-04-29,100559,36450,19684,38685,5740
2012-05-06,96509,34228,19361,37439,5481
2012-05-13,111299,40342,24071,41218,5668
2012-05-20,126426,44983,27176,47718,6549
2012-05-27,124299,43366,27901,45907,7125
2012-06-03,139703,50462,31677,50339,7225
2012-06-10,150786,52386,34556,55543,8301
2012-06-17,157105,54991,36374,57059,8681
2012-06-24,153160,53670,35180,55335,8975
2012-07-01,143382,51480,28091,54611,9200
2012-07-08,133717,45098,22569,55980,10070
2012-07-15,129679,43460,18138,56822,11259
2012-07-22,105461,32269,14589,49044,9559
2012-07-29,96416,28003,16251,43790,8372
2012-08-05,111853,34627,23335,45925,7966
2012-08-12,123122,38144,28152,48720,8106
2012-08-19,118596,35539,27034,48245,7778
2012-08-26,123140,37022,28184,49234,8700
2012-09-02,121314,38021,27533,47529,8231
2012-09-09,119388,38684,26389,46286,8029
2012-09-16,125147,41892,22698,51134,9423
2012-09-23,110737,32369,20457,48942,8969
2012-09-30,100076,29564,21960,41425,7127
2012-10-07,108968,33320,26014,42374,7260
2012-10-14,119839,38051,27758,46453,7577
2012-10-21,111411,34594,25020,44453,7344
2012-10-28,109041,34988,23323,42955,7775
2012-11-04,105672,31495,23732,43420,7025
2012-11-11,103869,31579,24925,40755,6610
2012-11-18,101101,32091,24124,38968,5918
2012-11-25,96704,30845,22655,37319,5885
2012-12-02,89039,28493,20692,34370,5484
2012-12-09,85752,28323,18161,33678,5590
2012-12-16,75218,24883,14423,30769,5143
2012-12-23,76200,24748,12254,33253,5945
2012-12-30,72365,24128,13043,29974,5220
2013-01-06,117322,37423,25384,46562,7953
2013-01-13,54858,17283,9911,23151,4513
2013-01-20,51708,15877,9404,22493,3934
2013-01-27,54076,16983,9317,23612,4164
2013-02-03,108934,34816,22456,44836,6826
2013-02-10,73470,22941,15093,30130,5306
2013-02-17,58520,17166,9804,27223,4327
2013-02-24,59860,17225,9615,28506,4514
2013-03-03,109284,35057,22192,45077,6958
2013-03-10,107136,34891,24461,41422,6362
2013-03-17,122992,41045,27964,47930,6053
2013-03-24,110683,37129,21848,45004,6702
2013-03-31,91137,29185,17130,38910,5912
2013-04-07,108566,35819,22447,43002,7298
2013-04-14,107526,38854,22014,40549,6109
2013-04-21,108296,40186,22947,39381,5782
2013-04-28,87883,30523,17565,34364,5431
2013-05-05,116150,37737,24517,46422,7474
2013-05-12,123182,41090,27241,48790,6061
2013-05-19,146926,48204,29960,60867,7895
2013-05-26,111479,33418,22514,49185,6362
2013-06-02,103991,33926,20600,43039,6426
2013-06-09,113238,36150,24105,45567,7416
2013-06-16,146804,45197,32856,61102,7649
2013-06-23,139173,43415,29861,57734,8163
2013-06-30,98495,32622,19268,40525,6080
2013-07-07,116991,39079,23254,46422,8236
2013-07-14,125341,45198,17055,53627,9461
2013-07-21,104465,34172,15192,46662,8439
2013-07-28,83035,26028,14688,35858,6461
2013-08-04,125545,41826,26221,49692,7806
2013-08-11,122242,44238,25667,44224,8113
2013-08-18,136266,46421,30353,50880,8612
2013-08-25,129052,42730,29245,48328,8749
2013-09-01,97728,31568,18957,41114,6089
2013-09-08,109545,37249,23174,41393,7729
2013-09-15,112820,40886,19795,43518,8621
2013-09-22,119947,35957,22745,51540,9705
2013-09-29,89519,28637,18483,36381,6018
2013-10-06,118935,39068,25477,46799,7591
2013-10-13,109832,33705,26503,42226,7398
2013-10-20,106861,33147,25251,41439,7024
2013-10-27,87903,27698,19513,34434,6258
2013-11-03,113006,38377,23261,44608,6760
2013-11-10,95052,30572,20997,36862,6621
2013-11-17,96310,30799,22021,37026,6464
2013-11-24,92271,31039,21179,33919,6134
2013-12-01,96746,31887,19303,39456,6100
2013-12-08,101120,33441,22715,38269,6695
2013-12-15,73237,24874,14466,28628,5269
2013-12-22,70280,24058,12220,28718,5284
2013-12-29,63845,20537,11177,27212,4919
2014-01-05,107943,33438,23455,43632,7418
2014-01-12,58545,18379,11075,24634,4457
2014-01-19,51473,15769,9217,22488,3999
2014-01-26,53405,16206,9073,23999,4127
2014-02-02,93071,28930,18316,39259,6566
2014-02-09,75895,23117,16227,31124,5427
2014-02-16,51427,14437,8035,24894,4061
2014-02-23,53948,15183,8276,26111,4378
2014-03-02,91293,28274,17328,39130,6561
2014-03-09,91432,29429,20861,35295,5847
2014-03-16,109017,34734,24876,43632,5775
2014-03-23,98808,30853,19956,42122,5877
2014-03-30,79624,24977,14412,34705,5530
2014-04-06,102846,32233,21870,41530,7213
2014-04-13,93266,30542,17082,39546,6096
2014-04-20,96915,30753,18686,41257,6219
2014-04-27,74762,23609,13975,32030,5148
2014-05-04,112219,35872,23038,45345,7964
2014-05-11,92099,31123,18453,36452,6071
2014-05-18,111251,39117,22498,43240,6396
2014-05-25,117659,39286,24774,46540,7059
2014-06-01,92212,29260,17895,38691,6366
2014-06-08,103697,34407,21806,40065,7419
2014-06-15,153963,50900,34886,59267,8910
2014-06-22,169877,56290,39930,63526,10131
2014-06-29,107755,33302,23822,43684,6947
2014-07-06,110562,35701,23967,43118,7776
2014-07-13,141168,46124,20896,61092,13056
2014-07-20,102604,31343,12260,48174,10827
2014-07-27,78463,21682,11798,36977,8006
2014-08-03,106940,33701,21758,44236,7245
2014-08-10,101547,36083,20913,37171,7380
2014-08-17,111954,38535,24460,41319,7640
2014-08-24,111981,37338,24921,41935,7787
2014-08-31,88148,28719,18152,35452,5825
2014-09-07,106410,34214,21879,42682,7635
2014-09-14,103813,35322,18723,41395,8373
2014-09-21,113958,33724,21959,49392,8883
2014-09-28,88196,25966,19022,36701,6507
2014-10-05,108679,35421,22344,43252,7662
2014-10-12,100698,31208,23382,39347,6761
2014-10-19,96738,30173,22611,37152,6802
2014-10-26,85373,27124,19299,32792,6158
2014-11-02,93731,30113,18690,38681,6247
2014-11-09,86384,27991,18215,33951,6227
2014-11-16,80492,26276,18187,30666,5363
2014-11-23,78612,26071,17376,29902,5263
2014-11-30,83459,27113,16816,34248,5282
2014-12-07,104777,34543,21683,40915,7636
2014-12-14,70879,24492,13481,27889,5017
2014-12-21,69080,23553,11406,28730,5391
2014-12-28,64485,20590,10168,28203,5524
2015-01-04,59795,18344,9989,26437,5025
2015-01-11,53299,16461,9076,23355,4407
2015-01-18,49788,14933,8730,21995,4130
2015-01-25,48305,14188,8300,21776,4041
2015-02-01,48696,13675,8437,22585,3999
2015-02-08,51670,14335,8619,24421,4295
2015-02-15,56201,15023,8948,27607,4623
2015-02-22,56930,14788,8460,28788,4894
2015-03-01,59620,15323,9241,29842,5214
2015-03-08,80576,24285,17275,33592,5424
2015-03-15,110303,36176,25004,42781,6342
2015-03-22,99362,32959,20209,39517,6677
2015-03-29,96926,34372,17969,37827,6758
2015-04-05,96891,35091,18440,36911,6449
2015-04-12,100618,37447,20417,36734,6020
2015-04-19,112075,41184,24570,40036,6285
2015-04-26,113643,42328,24778,39851,6686
2015-05-03,117198,40740,25174,44438,6846
2015-05-10,117024,41146,24564,44109,7205
2015-05-17,114621,41230,22564,43521,7306
2015-05-24,112111,36609,22881,45235,7386
2015-05-31,106865,35320,20473,43834,7238
2015-06-07,108401,37146,20295,43567,7393
2015-06-14,113958,38720,21706,45820,7712
2015-06-21,117235,39215,22432,47170,8418
2015-06-28,119846,41945,21808,47189,8904
2015-07-05,113545,38320,18984,47583,8658
2015-07-12,111823,41445,15691,45885,8802
2015-07-19,104596,33633,12679,48651,9633
2015-07-26,98045,28012,15527,45490,9016
2015-08-02,109794,31621,23464,46651,8058
2015-08-09,146992,44362,36019,57326,9285
2015-08-16,171096,48295,45095,66819,10887
2015-08-23,169550,47665,42727,67618,11540
2015-08-30,158500,45581,38460,62905,11554
2015-09-06,143531,41280,33626,58307,10318
2015-09-13,136860,40706,29507,56230,10417
2015-09-20,146190,40115,30671,63627,11777
2015-09-27,129148,36510,29881,52268,10489
2015-10-04,129686,38426,31103,51093,9064
2015-10-11,131567,38766,29385,53834,9582
2015-10-18,119570,33827,27060,49789,8894
2015-10-25,115328,35324,26702,45056,8246
2015-11-01,112820,33280,27292,44382,7866
2015-11-08,109395,33271,26520,42203,7401
2015-11-15,109238,33140,26392,42713,6993
2015-11-22,103132,31465,24365,40569,6733
2015-11-29,95048,29097,22216,37093,6642
2015-12-06,88901,28316,18595,35703,6287
2015-12-13,77932,25012,14910,32308,5702
2015-12-20,72545,22968,12651,31441,5485
2015-12-27,68659,21292,11578,30193,5596
2016-01-03,65098,19257,11188,29237,5416
2016-01-10,55832,16863,9396,25039,4534
2016-01-17,52974,15396,9343,23917,4318
2016-01-24,51380,14298,9145,23663,4274
2016-01-31,46978,12658,8156,22057,4107
2016-02-07,49996,13380,8830,23607,4179
2016-02-14,52036,13627,8785,25328,4296
2016-02-21,52347,13462,8535,25789,4561
2016-02-28,52079,13267,8449,26000,4363
2016-03-06,68603,19105,14947,29745,4806
2016-03-13,101162,29818,25209,40482,5653
2016-03-20,106033,30865,22277,46180,6711
2016-03-27,95599,27373,18428,42906,6892
2016-04-03,94211,28254,17936,41519,6502
2016-04-10,93797,28184,18749,40593,6271
2016-04-17,87470,26607,17536,37378,5949
2016-04-24,99843,31148,21236,40931,6528
2016-05-01,101752,31988,21715,41409,6640
2016-05-08,107070,34782,22646,42800,6842
2016-05-15,111241,37702,23169,43384,6986
2016-05-22,118491,40162,25112,45511,7706
2016-05-29,112507,38183,24671,42325,7328
2016-06-05,130886,44817,29373,48427,8269
2016-06-12,139147,46928,31765,51680,8774
2016-06-19,153215,50332,35664,57436,9783
2016-06-26,162542,52501,36269,62245,11527
2016-07-03,160739,48831,32358,67178,12372
2016-07-10,149245,44817,23793,68276,12359
2016-07-17,138034,36266,17422,70732,13614
2016-07-24,129037,30789,19450,65606,13192
2016-07-31,134898,34266,25552,62819,12261
2016-08-07,152316,42059,33477,64942,11838
2016-08-14,160906,45101,35757,67554,12494
2016-08-21,147606,38924,34315,62904,11463
2016-08-28,142888,38019,33770,59986,11113
2016-09-04,143173,38244,32639,61084,11206
2016-09-11,126305,33098,27246,55622,10339
2016-09-18,129605,34563,25610,57969,11463
2016-09-25,115054,30707,23599,50583,10165
2016-10-02,108719,29695,24043,46227,8754
2016-10-09,109520,30135,23221,47282,8882
2016-10-16,101823,28250,22255,43589,7729
2016-10-23,94416,26333,20114,40311,7658
2016-10-30,87779,24956,16873,38156,7794
2016-11-06,77900,21592,15698,33616,6994
2016-11-13,76400,21289,16508,32389,6214
2016-11-20,76677,20534,16833,33231,6079
2016-11-27,74041,21790,15666,30798,5787
2016-12-04,74345,22245,14403,31738,5959
2016-12-11,66420,19866,11582,29363,5609
2016-12-18,60458,17777,9898,27507,5276
2016-12-25,60547,17166,8769,29173,5439
2017-01-01,58065,16013,8352,28038,5662
2017-01-08,50903,13865,8057,24003,4978
2017-01-15,48511,12723,8135,23178,4475
2017-01-22,46788,12108,8116,21996,4568
2017-01-29,45668,11400,8192,21494,4582
2017-02-05,46821,11569,7812,22979,4461
2017-02-12,45885,11260,7353,22861,4411
2017-02-19,45282,10758,7090,22987,4447
2017-02-26,43553,10285,6931,21882,4455
2017-03-05,57202,15244,10370,26804,4784
2017-03-12,97894,31616,22940,37571,5767
2017-03-19,109193,33416,23988,44988,6801
2017-03-26,101465,32203,19515,42535,7212
2017-04-02,102655,33916,20029,41574,7136
2017-04-09,105910,35923,20995,41652,7340
2017-04-16,101046,35079,18977,39820,7170
2017-04-23,98979,33482,19751,38887,6859
2017-04-30,110205,37242,23590,42095,7278
2017-05-07,110735,35642,25136,42951,7006
2017-05-14,129262,40270,31654,49841,7497
2017-05-21,158335,43750,40117,64451,10017
2017-05-28,169419,43727,42825,71021,11846
2017-06-04,181754,45551,44247,78303,13653
2017-06-11,173814,43534,41001,75745,13534
2017-06-18,167878,44550,38567,71308,13453
2017-06-25,160463,47599,33224,65161,14479
2017-07-02,131758,42629,23302,54053,11774
2017-07-09,118365,40261,17421,49618,11065
2017-07-16,103439,31555,11897,48359,11628
2017-07-23,92425,25649,12546,43525,10705
2017-07-30,95024,27771,16693,40689,9871
2017-08-06,110653,34259,23545,43659,9190
2017-08-13,126371,38416,26314,51145,10496
2017-08-20,119724,33842,25141,50585,10156
2017-08-27,114618,31968,25938,46976,9736
2017-09-03,117254,32775,26791,48066,9622
2017-09-10,111129,29950,23856,47577,9746
2017-09-17,116170,31696,21229,51460,11785
2017-09-24,102155,25394,19705,46686,10370
2017-10-01,94305,25613,20195,39854,8643
2017-10-08,100205,28181,21758,41513,8753
2017-10-15,94072,25964,20816,39355,7937
2017-10-22,96659,26687,21876,39726,8370
2017-10-29,92456,24402,20708,39649,7697
2017-11-05,87449,23107,19783,37175,7384
2017-11-12,88398,25027,20015,36261,7095
2017-11-19,86796,24662,19436,35803,6895
2017-11-26,80419,22468,18231,33085,6635
2017-12-03,76023,22158,16141,31236,6488
2017-12-10,70665,20870,13641,29979,6175
2017-12-17,65612,19657,11005,29070,5880
2017-12-24,66474,19361,10024,30945,6144
2017-12-31,57850,15775,8682,27586,5807
2018-01-07,51164,13652,7836,24375,5301
2018-01-14,48630,12610,7560,23551,4909
2018-01-21,45938,11790,7241,22338,4569
2018-01-28,44610,11142,6867,22010,4591
2018-02-04,43762,10840,6817,21811,4294
2018-02-11,47849,11262,7507,24283,4797
2018-02-18,48946,11123,7637,25330,4856
2018-02-25,51466,11875,7985,26484,5122
2018-03-04,63643,16047,12095,30103,5398
2018-03-11,112791,33329,28978,44396,6088
2018-03-18,127611,34180,30440,55502,7489
2018-03-25,107198,28695,19580,50449,8474
2018-04-01,92377,26307,15891,42404,7775
2018-04-08,89286,27467,16303,38586,6930
2018-04-15,90926,29082,17509,37467,6868
2018-04-22,93636,30465,18989,37487,6695
2018-04-29,96485,31150,17956,39838,7541
2018-05-06,94174,29516,17990,39527,7141
2018-05-13,103522,33779,21271,41429,7043
2018-05-20,120199,39207,23404,49025,8563
2018-05-27,106479,32886,20924,44469,8200
2018-06-03,115646,33788,23456,49603,8799
2018-06-10,118401,33780,24581,50773,9267
2018-06-17,131216,38329,27704,54675,10508
2018-06-24,139864,42341,31098,55358,11067
2018-07-01,138805,42915,27666,56291,11933
2018-07-08,133362,41201,22203,56995,12963
2018-07-15,127349,39899,17171,57108,13171
2018-07-22,108054,28409,13544,53293,12808
2018-07-29,103851,25102,16859,49859,12031
2018-08-05,120994,31427,24852,52711,12004
2018-08-12,144924,40031,32076,59596,13221
2018-08-19,135448,35553,31023,57161,11711
2018-08-26,127967,33465,29153,53901,11448
2018-09-02,125350,33768,27779,52492,11311
2018-09-09,118134,32710,24403,50326,10695
2018-09-16,111908,31355,18767,50126,11660
2018-09-23,99016,23777,17573,47247,10419
2018-09-30,94076,24268,18988,41660,9160
2018-10-07,97929,26935,21987,40938,8069
2018-10-14,102995,28575,21885,43921,8614
2018-10-21,97894,25997,21425,42078,8394
2018-10-28,90433,24365,19322,38594,8152
2018-11-04,87931,23108,18834,38349,7640
2018-11-11,83306,22852,18872,34600,6982
2018-11-18,83310,22915,19520,34202,6673
2018-11-25,80910,22368,19400,32767,6375
2018-12-02,74566,19653,17491,31191,6231
2018-12-09,71017,19357,14763,30706,6191
2018-12-16,64430,17923,11753,28970,5784
2018-12-23,63063,17392,9895,29755,6021
2018-12-30,57591,15062,8465,28185,5879
2019-01-06,51033,12864,7480,25302,5387
2019-01-13,45025,11291,6356,22690,4688
2019-01-20,42253,10406,6315,20954,4578
2019-01-27,40096,9604,6141,19998,4353
2019-02-03,39245,9037,6164,19715,4329
2019-02-10,41000,9435,6321,20677,4567
2019-02-17,41589,9131,5941,21887,4630
2019-02-24,43467,9757,5959,22923,4828
2019-03-03,50371,12241,7883,25045,5202
2019-03-10,83537,25429,19091,32944,6073
2019-03-17,114061,33576,26541,46434,7510
2019-03-24,103889,29719,20762,45117,8291
2019-03-31,95022,28064,17779,41210,7969
2019-04-07,94084,29878,18082,38898,7226
2019-04-14,100342,32415,19731,40722,7474
2019-04-21,108654,33753,23059,43871,7971
2019-04-28,116967,35615,25756,47235,8361
2019-05-05,119862,34862,28567,48365,8068
2019-05-12,148773,41051,39703,58642,9377
2019-05-19,165495,43666,39008,71558,11263
2019-05-26,149182,34437,36676,66787,11282
2019-06-02,161725,38925,39715,70836,12249
2019-06-09,164156,39613,37915,75142,11486
2019-06-16,158295,38808,36225,71396,11866
2019-06-23,140008,36817,32364,60339,10488
2019-06-30,140652,39898,30969,58565,11220
2019-07-07,131455,39883,24590,55638,11344
2019-07-14,123964,38262,17957,55805,11940
2019-07-21,97570,25399,11902,48955,11314
2019-07-28,91516,21565,14490,44674,10787
2019-08-04,107616,27963,24125,45646,9882
2019-08-11,136115,37394,34768,52918,11035
2019-08-18,138761,35918,35576,55833,11434
2019-08-25,134819,34601,35266,53237,11715
2019-09-01,135021,34373,35061,54179,11408
2019-09-08,131417,32800,32715,54535,11367
2019-09-15,127053,34197,24135,55507,13214
2019-09-22,117430,27018,21247,56293,12872
2019-09-29,101355,25067,22217,43986,10085
2019-10-06,111217,30166,26251,44687,10113
2019-10-13,103984,28848,24693,41430,9013
2019-10-20,73416,22853,13644,29120,7799
2019-10-27,67815,18364,10731,30564,8156
2019-11-03,57499,14094,10124,26104,7177
2019-11-10,49465,13104,9169,21131,6061
2019-11-17,52780,14209,10523,22391,5657
2019-11-24,55218,15376,11757,22685,5400
2019-12-01,60730,17097,12922,25272,5439
2019-12-08,63252,18183,11902,27442,5725
2019-12-15,59243,16574,9629,27290,5750
2019-12-22,56498,15097,7962,27301,6138
2019-12-29,53477,13487,7621,26128,6241
2020-01-05,49329,12062,6835,24568,5864
2020-01-12,43757,11099,5856,21895,4907
2020-01-19,40940,10052,5926,20164,4798
2020-01-26,40714,9622,6309,20120,4663
2020-02-02,40916,9211,5966,21186,4553
2020-02-09,41018,9067,5800,21430,4721
2020-02-16,43091,9373,5991,22788,4939
2020-02-23,45317,9351,6002,24583,5381
2020-03-01,51919,10272,7252,28715,5680
2020-03-08,80857,19733,17474,37446,6204
2020-03-15,103314,15601,14030,66743,6940
2020-03-22,50400,4856,3324,37317,4903
2020-03-29,32278,3124,2031,23314,3809
2020-04-05,23655,2166,1639,16777,3073
2020-04-12,18693,1844,1388,12797,2664
2020-04-19,16186,1685,1260,10766,2475
2020-04-26,15898,1749,1304,10376,2469
2020-05-03,16069,1582,1221,10924,2342
2020-05-10,16028,1514,1208,11099,2207
2020-05-17,17308,1424,1071,12401,2412
2020-05-24,16664,1221,990,11988,2465
2020-05-31,14219,1108,796,10076,2239
2020-06-07,12212,1032,698,8503,1979
2020-06-14,10682,969,669,7227,1817
2020-06-21,9092,813,574,6033,1672
2020-06-28,9208,919,592,6017,1680
2020-07-05,9023,973,633,5705,1712
2020-07-12,9205,1080,672,5798,1655
2020-07-19,9020,1041,694,5592,1693
2020-07-26,8788,1083,697,5261,1747
2020-08-02,9445,1293,841,5490,1821
2020-08-09,9467,1444,773,5498,1752
2020-08-16,10176,1608,919,5833,1816
2020-08-23,10853,1861,1014,6246,1732
2020-08-30,11273,1920,1097,6364,1892
2020-09-06,12066,2056,1184,6839,1987
2020-09-13,11346,2194,1169,6237,1746
2020-09-20,14716,2657,1529,8227,2303
2020-09-27,13241,2395,1303,7568,1975
2020-10-04,13269,2584,1392,7270,2023
2020-10-11,13596,2619,1423,7495,2059
2020-10-18,13916,2680,1540,7673,2023
2020-10-25,14709,2907,1673,8133,1996
2020-11-01,15277,3060,1819,8330,2068
2020-11-08,15343,3365,1890,8074,2014
2020-11-15,16147,3623,1934,8495,2095
2020-11-22,16689,3799,2030,8801,2059
2020-11-29,16714,3631,2126,8782,2175
2020-12-06,16177,3526,2129,8401,2121
2020-12-13,15716,3440,1910,8308,2058
2020-12-20,14922,3156,1792,7929,2045
2020-12-27,16651,3492,2109,8823,2227
2021-01-03,17066,3475,2169,9185,2237
2021-01-10,15680,3052,1832,8730,2066
2021-01-17,14272,2644,1698,7957,1973
2021-01-24,13525,2525,1563,7557,1880
2021-01-31,12921,2383,1494,7135,1909
2021-02-07,12936,2449,1479,7058,1950
2021-02-14,13840,2701,1714,7537,1888
2021-02-21,15493,3284,2169,7997,2043
2021-02-28,17645,3853,2634,9106,2052
2021-03-07,19169,4203,2985,9806,2175
2021-03-14,20048,4558,2909,10567,2014
2021-03-21,20450,4408,2899,11210,1933
2021-03-28,18755,3714,2398,10681,1962
2021-04-04,18032,3089,2193,10916,1834
2021-04-11,17649,2867,2059,10852,1871
2021-04-18,16073,2534,1804,10028,1707
2021-04-25,15404,2432,1810,9373,1789
2021-05-02,16081,2565,1852,9840,1824
2021-05-09,17634,3006,2249,10550,1829
2021-05-16,20478,3541,2776,12170,1991
2021-05-23,22726,3884,3065,13641,2136
2021-05-30,23438,3846,3061,14284,2247
2021-06-06,24057,3820,3110,14865,2262
2021-06-13,23854,4193,3202,14217,2242
2021-06-20,22867,3886,3088,13739,2154
2021-06-27,23072,4065,3142,13520,2345
2021-07-04,22299,3940,2880,13201,2278
2021-07-11,22062,4387,2798,12486,2391
2021-07-18,24757,5006,3143,13878,2730
2021-07-25,24776,5111,3392,13741,2532
2021-08-01,25863,6027,3458,13664,2714
2021-08-08,28002,7561,3834,13875,2732
2021-08-15,28091,7939,3811,13758,2583
2021-08-22,29475,8958,3922,13918,2677
2021-08-29,28224,9243,3790,12436,2755
2021-09-05,29870,10876,4001,12396,2597
2021-09-12,28625,11241,3682,11179,2523
2021-09-19,35982,12478,5213,15062,3229
2021-09-26,34071,12487,4897,13691,2996
2021-10-03,35721,13287,5187,14209,3038
2021-10-10,38196,14410,5399,15233,3154
2021-10-17,41003,15131,6059,16666,3147
2021-10-24,42451,15453,6364,17458,3176
2021-10-31,45640,15528,6707,20003,3402
2021-11-07,46132,15294,7039,20442,3357
2021-11-14,47697,16069,7167,20978,3483
2021-11-21,44539,14855,6462,19741,3481
2021-11-28,42867,14337,6292,18799,3439
2021-12-05,40484,13452,5706,17945,3381
2021-12-12,39284,12868,5372,17596,3448
2021-12-19,38376,12119,5750,17155,3352
2021-12-26,44748,12937,7155,20879,3777
2022-01-02,53128,13555,8568,26819,4186
2022-01-09,51824,12129,8196,27293,4206
2022-01-16,54914,11012,8078,31366,4458
2022-01-23,56190,9617,8388,33351,4834
2022-01-30,54121,8889,8246,31919,5067
2022-02-06,49799,8190,7943,28499,5167
2022-02-13,44377,7098,6724,25533,5022
2022-02-20,38379,6162,5591,22123,4503
2022-02-27,33812,5715,5462,18863,3772
2022-03-06,44427,10893,11171,19086,3277
2022-03-13,68850,19566,22996,23103,3185
2022-03-20,77808,21338,26305,26884,3281
2022-03-27,70034,21264,20607,24612,3551
2022-04-03,67158,24393,17478,21818,3469
2022-04-10,67473,26795,16861,20305,3512
2022-04-17,78526,29670,21287,23752,3817
2022-04-24,78950,29366,21710,23844,4030
2022-05-01,93045,32829,26330,29265,4621
2022-05-08,104084,35962,28619,34320,5183
2022-05-15,119455,38811,34405,40388,5851
2022-05-22,121534,38347,33812,42999,6376
2022-05-29,122098,36149,34266,45056,6627
2022-06-05,131270,37739,35106,50287,8138
2022-06-12,128167,36205,34226,50046,7690
2022-06-19,120182,32928,28672,50054,8528
2022-06-26,103633,26169,19078,49292,9094
2022-07-03,85644,20516,12695,44028,8405
2022-07-10,70084,15518,8705,38035,7826
2022-07-17,66667,13018,8196,37729,7724
2022-07-24,70750,13355,12687,37382,7326
2022-07-31,84353,18738,19416,39793,6406
2022-08-07,111119,26599,31372,46084,7064
2022-08-14,115843,27002,32248,48950,7643
2022-08-21,109753,25892,29566,46403,7892
2022-08-28,104564,27146,27611,42036,7771
2022-09-04,100929,27245,25584,40348,7752
2022-09-11,87433,24555,21250,34681,6947
2022-09-18,99872,26208,21809,43589,8266
2022-09-25,95767,23898,22850,40465,8554
2022-10-02,101567,25886,29021,39213,7447
2022-10-09,127520,29941,39454,49454,8671
2022-10-16,142006,31101,46052,55395,9458
2022-10-23,153307,31268,51525,60400,10114
2022-10-30,161522,30998,47063,71048,12413
2022-11-06,149724,28833,44124,65163,11604
2022-11-13,144534,29443,45525,59037,10529
2022-11-20,131913,28063,40046,54010,9794
2022-11-27,114377,25912,33162,46350,8953
2022-12-04,101912,24821,25401,43095,8595
2022-12-11,91555,26159,17648,39718,8030
2022-12-18,75963,19238,13253,35912,7560
2022-12-25,74590,18142,10757,37406,8285
2023-01-01,66345,15332,9252,33840,7921
2023-01-08,54791,12637,8089,27494,6571
2023-01-15,47517,10905,7295,23830,5487
2023-01-22,43284,9879,6964,21581,4860
2023-01-29,40638,8945,6922,20182,4589
2023-02-05,41397,8839,7313,20662,4583
2023-02-12,44948,9511,8049,22747,4641
2023-02-19,48994,9857,8338,25692,5107
2023-02-26,53186,10053,9506,28154,5473
2023-03-05,76668,15546,21807,33422,5893
2023-03-12,130495,28344,44405,50977,6769
2023-03-19,124671,27035,35980,53773,7883
2023-03-26,111225,26468,30730,46034,7993
2023-04-02,104268,26144,29699,40991,7434
2023-04-09,112541,28334,33639,42905,7663
2023-04-16,124263,30641,41140,45175,7307
2023-04-23,139010,31999,49554,50154,7303
2023-04-30,159489,36885,52175,61491,8938
2023-05-07,172501,39240,50582,71533,11146
2023-05-14,189297,44762,59326,73859,11350
2023-05-21,180953,43983,56199,69735,11036
2023-05-28,172996,41401,52174,67892,11529
2023-06-04,152101,36671,41146,63414,10870
2023-06-11,135528,30402,34071,60493,10562
2023-06-18,111927,22675,24833,53826,10593
2023-06-25,93403,19430,16324,46395,11254
2023-07-02,75663,14573,11061,40338,9691
2023-07-09,67235,12047,8959,37123,9106
2023-07-16,69580,10783,10917,39311,8569
2023-07-23,79770,14050,15771,40935,9014
2023-07-30,94281,19072,21989,44078,9142
2023-08-06,111892,22498,28422,51254,9718
2023-08-13,115571,23249,27028,54477,10817
2023-08-20,103875,19775,24685,49453,9962
2023-08-27,107101,19913,26629,50201,10358
2023-09-03,112832,22061,29704,51178,9889
2023-09-10,116875,23743,28991,53544,10597
2023-09-17,132660,27329,28921,63151,13259
2023-09-24,134980,25065,30265,65057,14593
2023-10-01,131936,25230,34209,59446,13051
2023-10-08,144264,27492,37530,65191,14051
2023-10-15,141503,26643,36153,65020,13687
2023-10-22,133605,24760,33805,61854,13186
2023-10-29,125307,22656,30917,59010,12724
2023-11-05,119211,21794,29929,55850,11638
2023-11-12,120122,22606,31989,54488,11039
2023-11-19,115798,21761,31076,51924,11037
2023-11-26,106908,21095,28217,47031,10565
2023-12-03,102404,20505,26115,45984,9800
2023-12-10,91826,18515,20166,43801,9344
2023-12-17,83669,16637,16145,41528,9359
2023-12-24,77774,14574,12938,40684,9578
2023-12-31,65156,11389,9879,35059,8829
2024-01-07,58405,9880,8825,31790,7910
2024-01-14,53295,8725,7881,29674,7015
2024-01-21,50942,7980,7513,28384,7065
2024-01-28,49679,7427,7508,27897,6847
2024-02-04,53396,7705,7850,30340,7501
2024-02-11,54335,7697,7672,31217,7749
2024-02-18,55207,7528,7308,32306,8065
2024-02-25,55612,7331,7496,32590,8195
2024-03-03,60987,8979,11103,33225,7680
2024-03-10,97459,19095,29425,41040,7899
2024-03-17,128021,24406,40278,54994,8343
2024-03-24,104311,18930,26488,49705,9188
2024-03-31,102746,19082,25156,49702,8806
2024-04-07,106439,20104,28865,49164,8306
2024-04-14,124290,21798,35993,57744,8755
2024-04-21,143265,22405,41955,69076,9829
2024-04-28,160957,22645,44710,82146,11456
2024-05-05,171509,21802,44585,92376,12746
2024-05-12,203353,25027,53727,109176,15423
2024-05-19,188234,23137,40155,107852,17090
2024-05-26,145518,18780,32164,80131,14443
2024-06-02,125438,19249,31087,63205,11897
2024-06-09,97910,18541,23270,47229,8870
2024-06-16,78571,16723,15297,38882,7669
2024-06-23,70981,15449,11337,35890,8305
2024-06-30,63949,11977,8802,34650,8520
2024-07-07,67356,11476,11846,35653,8381
2024-07-14,84371,16811,16325,41437,9798
2024-07-21,104963,21972,25670,47284,10037
2024-07-28,115499,24386,31687,49033,10393
2024-08-04,119064,25991,29665,52134,11274
2024-08-11,124938,27583,29074,55033,13248
2024-08-18,130907,27572,33380,57686,12269
2024-08-25,127521,26133,33374,55052,12962
2024-09-01,127900,25815,34460,54984,12641
2024-09-08,127925,25707,32542,56848,12828
2024-09-15,121800,25320,25704,57015,13761
2024-09-22,126500,20407,28994,63027,14072
2024-09-29,115257,19247,29253,54620,12137
2024-10-06,121317,21325,33087,55863,11042
2024-10-13,126642,21863,35378,58278,11123
2024-10-20,125028,20739,33574,59768,10947
2024-10-27,120043,19990,29256,58548,12249
2024-11-03,117849,18056,29380,59132,11281
2024-11-10,114917,18489,30618,55401,10409
2024-11-17,118730,18825,32311,57037,10557
2024-11-24,120315,18787,31567,58580,11381
2024-12-01,122370,18228,30427,61604,12111
2024-12-08,107322,16223,22256,57386,11457
2024-12-15,88580,13467,15144,49685,10284
2024-12-22,75340,11206,10863,43285,9986
2024-12-29,63131,8955,8717,36419,9040
2025-01-05,52050,7419,6823,30209,7599
2025-01-12,43429,6230,5986,24913,6300
2025-01-19,40140,5699,5234,23210,5997
2025-01-26,37134,5061,4930,21460,5683
2025-02-02,36599,4826,4931,21430,5412
2025-02-09,37342,5033,4924,21739,5646
2025-02-16,41010,5236,5251,24385,6138
2025-02-23,40773,5074,5416,23956,6327
2025-03-02,46095,5947,7293,26211,6644
2025-03-09,78022,14153,21624,35217,7028
2025-03-16,120203,22078,36563,52795,8767
2025-03-23,115982,18588,28965,58051,10378
2025-03-30,102459,16252,24166,51836,10205
2025-04-06,102721,16062,26457,49785,10417
2025-04-13,111514,17339,29536,53618,11021
2025-04-20,120023,18020,31056,58793,12154
2025-04-27,125210,18606,32315,61095,13194
2025-05-04,126079,17801,29754,64977,13547
2025-05-11,131529,18784,33126,65790,13829
2025-05-18,139705,21253,33521,69268,15663
2025-05-25,127223,19809,30301,63225,13888
2025-06-01,129718,21460,30472,63623,14163
2025-06-08,126322,22908,28807,60783,13824
2025-06-15,111732,22007,19854,56026,13845
2025-06-22,98038,18860,14097,51137,13944
2025-06-29,81891,13197,9612,45599,13483
2025-07-06,77500,11652,11356,42292,12200
2025-07-13,88542,17319,17588,42418,11217
2025-07-20,107500,23836,26312,46137,11215
2025-07-27,111292,24453,29757,46199,10883
2025-08-03,120338,25406,30736,51897,12299
2025-08-10,126563,27487,30961,54881,13234
2025-08-17,121995,25319,30452,54196,12028
2025-08-24,120728,24236,29959,53753,12780
2025-08-31,119267,23905,29983,52863,12516
2025-09-07,124873,24283,29652,57164,13774
2025-09-14,114374,22676,21508,55685,14505
2025-09-21,121544,19527,23241,62810,15966
2025-09-28,113234,19302,26292,53504,14136
2025-10-05,123198,22007,32998,55001,13192
2025-10-12,127831,21931,34663,57890,13347
2025-10-19,131703,21432,36086,60721,13464
2025-10-26,129832,20825,34497,60286,14224
2025-11-02,128065,19385,33057,61533,14090
2025-11-09,123511,19110,32575,58197,13629
2025-11-16,115717,18261,30011,55058,12387
2025-11-23,102872,16159,26036,48776,11901
2025-11-30,93904,15386,22118,45316,11084
2025-12-07,84066,14191,16193,42648,11034
2025-12-14,76742,12855,11669,41889,10329
2025-12-21,69387,11003,9000,39357,10027
2025-12-28,36326,5601,4537,20639,5549
